control_name,norm_name,match_type,matched_razon,matched_ruc,raw_matches
ACU¥A VEGA CONSULTORES Y EJECUTORES,ACUNA VEGA CONSULTORES Y EJECUTORES,partial,ACU¥A VEGA CONSULTORES Y EJECUTORES EIRL,20487493059,"[('ACU¥A VEGA CONSULTORES Y EJECUTORES EIRL', '20487493059'), ('ACU¥A VEGA CONSULTORES Y EJECUTORES EIRL', '20487493059')]"
ACU¥A VEGA CONSULTORES Y EJECUTORES EIRL,ACUNA VEGA CONSULTORES Y EJECUTORES EIRL,exact,ACU¥A VEGA CONSULTORES Y EJECUTORES EIRL,20487493059,"[('ACU¥A VEGA CONSULTORES Y EJECUTORES EIRL', '20487493059'), ('ACU¥A VEGA CONSULTORES Y EJECUTORES EIRL', '20487493059')]"
ARKEL DEL PERé,ARKEL DEL PERU,exact,ARKEL DEL PERé,20606241403,"[('ARKEL DEL PERé', '20606241403'), ('ARKEL DEL PERé', '20606241403'), ('ARKEL DEL PERé', '20606241403'), ('ARKEL DEL PERé', '20606241403'), ('ARKEL DEL PERé', '20606241403')]"
AZ INVERSIONES INMOBILIARIAS,AZ INVERSIONES INMOBILIARIAS,partial,AZ INVERSIONES INMOBILIARIAS SAC,20516862506,"[('AZ INVERSIONES INMOBILIARIAS SAC', '20516862506'), ('AZ INVERSIONES INMOBILIARIAS SAC', '20516862506'), ('AZ INVERSIONES INMOBILIARIAS SAC', '20516862506'), ('AZ INVERSIONES INMOBILIARIAS SAC', '20516862506'), ('AZ INVERSIONES INMOBILIARIAS SAC', '20516862506')]"
BIDDLE INC,BIDDLE INC,partial,BIDDLE INC SACÿ,20296637697,"[('BIDDLE INC SACÿ', '20296637697'), ('BIDDLE INC SACÿ', '20296637697'), ('BIDDLE INC SAC', '20296637697')]"
BUSCONSULTING SAC,BUSCONSULTING SAC,exact,BUSCONSULTING S.A.C,20543988325,"[('BUSCONSULTING S.A.C', '20543988325')]"
CAFISAC,CAFISAC,exact,CAFISAC,20550488192,"[('CAFISAC', '-'), ('CAFISAC', '20550488192'), ('CAFISAC', '20550488192'), ('CAFISAC', '20550488192'), ('CAFISAC', '20550488192')]"
CARLOS GASPAR,CARLOS GASPAR,exact,CARLOS GASPAR,,"[('CARLOS GASPAR', '-')]"
CJ CONTRATISTAS ASOCIADOS S.A.C.,CJ CONTRATISTAS ASOCIADOS SAC,exact,CJ CONTRATISTAS ASOCIADOS SAC,20510303386,"[('CJ CONTRATISTAS ASOCIADOS SAC', '20510303386'), ('CJ CONTRATISTAS ASOCIADOS S.A.C.', '20510303386'), ('CJ CONTRATISTAS ASOCIADOS S.A.C.', '20510303386')]"
CLUB SOCIAL DEFENSOR DEL CARMEN DE HUAROCONDO,CLUB SOCIAL DEFENSOR DEL CARMEN DE HUAROCONDO,none,,,[]
CONCEPTO EDIFICACINES SCRL,CONCEPTO EDIFICACINES SCRL,none,,,[]
CONSORCIO ALEJANDRINO,CONSORCIO ALEJANDRINO,partial,CONSORCIO ALEJANDRINO S.A.,20501519481,"[('CONSORCIO ALEJANDRINO S.A.', '20501519481')]"
CONSORCIO DHMONT,CONSORCIO DHMONT,exact,CONSORCIO DHMONT,20502574109,"[('CONSORCIO DHMONT', '20502574109')]"
CONSORCIO GRUPO RYD,CONSORCIO GRUPO RYD,exact,CONSORCIO GRUPO RYD,20614588625,"[('CONSORCIO GRUPO RYD', '20614588625')]"
CONSORCIO HUAYCOLORO,CONSORCIO HUAYCOLORO,exact,CONSORCIO HUAYCOLORO,20611484853,"[('CONSORCIO HUAYCOLORO', '20611484853')]"
CONSORCIO LAMAR,CONSORCIO LAMAR,partial,CONSORCIO LAMAR S.A.C.,20554579567,"[('CONSORCIO LAMAR S.A.C.', '20554579567'), ('CONSORCIO LAMAR S.A.C.', '20554579567'), ('CONSORCIO LAMAR S.A.C.', '20554579567')]"
CONSORCIO LAMAR S.A.C.,CONSORCIO LAMAR SAC,exact,CONSORCIO LAMAR S.A.C.,20554579567,"[('CONSORCIO LAMAR S.A.C.', '20554579567'), ('CONSORCIO LAMAR S.A.C.', '20554579567'), ('CONSORCIO LAMAR S.A.C.', '20554579567')]"
CONSORCIO LIMA,CONSORCIO LIMA,exact,CONSORCIO LIMA,,"[('CONSORCIO LIMA', '-')]"
CONSORCIO LIMA NORTE,CONSORCIO LIMA NORTE,exact,CONSORCIO LIMA NORTE,20614164833,"[('CONSORCIO LIMA NORTE', '20614164833')]"
CONSORCIO PERU HEALTH,CONSORCIO PERU HEALTH,exact,CONSORCIO PERU HEALTH,20607121878,"[('CONSORCIO PERU HEALTH', '20607121878')]"
CONSORCIO VESUR,CONSORCIO VESUR,none,,,[]
CONSORCIO VIAL HUANDOY,CONSORCIO VIAL HUANDOY,exact, CONSORCIO VIAL HUANDOY,20613698966,"[(' CONSORCIO VIAL HUANDOY', '20613698966')]"
CONSTRUCTORA & BUSINESS H P SAC,CONSTRUCTORA BUSINESS H P SAC,exact,CONSTRUCTORA & BUSINESS H P SAC,20606167947,"[('CONSTRUCTORA & BUSINESS H P SAC', '20606167947')]"
CONSTRUCTORA CAYRA EIRL,CONSTRUCTORA CAYRA EIRL,exact,CONSTRUCTORA CAYRA E.I.R.L,20612588911,"[('CONSTRUCTORA CAYRA E.I.R.L', '20612588911')]"
CONSTRUCTORA HERNANDEZ ESPINOZA SAC,CONSTRUCTORA HERNANDEZ ESPINOZA SAC,exact,CONSTRUCTORA HERNANDEZ ESPINOZA SAC,20610070656,"[('CONSTRUCTORA HERNANDEZ ESPINOZA SAC', '20610070656')]"
CONSTRUCTORA LOAN SAC,CONSTRUCTORA LOAN SAC,exact,CONSTRUCTORA LOAN SAC,20609976862,"[('CONSTRUCTORA LOAN SAC', '20609976862'), ('CONSTRUCTORA LOAN SAC ', '20609976862')]"
CONSTRUCTORA VALLES DEL PERU SAC,CONSTRUCTORA VALLES DEL PERU SAC,partial,CONSTRUCTORA VALLES DEL PERé S.A.,20543329984,"[('CONSTRUCTORA VALLES DEL PERé S.A.', '20543329984'), ('CONSTRUCTORA VALLES DEL PERé S.A.', '20543329984')]"
CONSTRUCTORA VALLES DELPERU SOCIEDAD ANONIMA,CONSTRUCTORA VALLES DELPERU SOCIEDAD ANONIMA,none,,,[]
CONSULTORES DE INGENIERIA UG21 SOCIEDAD LIMITADA,CONSULTORES DE INGENIERIA UG21 SOCIEDAD LIMITADA,exact,CONSULTORES DE INGENIERIA UG21 SOCIEDAD LIMITADA,20538812111,"[('CONSULTORES DE INGENIERIA UG21 SOCIEDAD LIMITADA', '20538812111'), ('CONSULTORES DE INGENIERIA UG21 SOCIEDAD LIMITADA', '20538812111')]"
CORALMIX,CORALMIX,partial,CORALMIX SAC,20451547420,"[('CORALMIX SAC', '20451547420')]"
CORBUS EDIFICACIONES,CORBUS EDIFICACIONES,exact,CORBUS EDIFICACIONES,20600053982,"[('CORBUS EDIFICACIONES', '20600053982')]"
CORPORACION MINERO INMOVILIARIO PERUVIAN SAC,CORPORACION MINERO INMOVILIARIO PERUVIAN SAC,none,,,[]
COVECOP,COVECOP,partial,COVECOP SAC,20612211460,"[('COVECOP SAC', '20612211460'), ('COVECOP SAC', '20612211460')]"
DANIEL ALEJANDRO BENITES GONZALES,DANIEL ALEJANDRO BENITES GONZALES,exact,DANIEL ALEJANDRO BENITES GONZALES ,10726397355,"[('DANIEL ALEJANDRO BENITES GONZALES ', '10726397355')]"
DH MONT,DH MONT,none,,,[]
EDGAR POSAICO,EDGAR POSAICO,partial,EDGAR POSAICO QUISPE,,"[('EDGAR POSAICO QUISPE', '-')]"
EIE REPRESENTACIONES GENERALES,EIE REPRESENTACIONES GENERALES,partial,EIE REPRESENTACIONES GENERALES S.A.C.,20606676728,"[('EIE REPRESENTACIONES GENERALES S.A.C.', '20606676728')]"
EL ALISO SERVICIOS GENERALES SRL,EL ALISO SERVICIOS GENERALES SRL,exact,EL ALISO SERVICIOS GENERALES SRL,20453849008,"[('EL ALISO SERVICIOS GENERALES SRL', '20453849008')]"
ELVYS GARY BERRIO,ELVYS GARY BERRIO,none,,,[]
ENRIQUE ITURRY ESPEZUA,ENRIQUE ITURRY ESPEZUA,exact,ENRIQUE ITURRY ESPEZUA,10407944971,"[('ENRIQUE ITURRY ESPEZUA', '10407944971')]"
ERAA SOLUCIONES INTEGRALES SAC,ERAA SOLUCIONES INTEGRALES SAC,exact,ERAA SOLUCIONES INTEGRALES SAC,20602409806,"[('ERAA SOLUCIONES INTEGRALES SAC', '20602409806')]"
ESTANTERIAS METALICAS J.R.M. SAC,ESTANTERIAS METALICAS JRM SAC,exact,ESTANTERIAS METALICAS J.R.M. S.A.C,20475428634,"[('ESTANTERIAS METALICAS J.R.M. S.A.C', '20475428634')]"
EVG CONTRUCCION,EVG CONTRUCCION,none,,,[]
FLUJO LIBRE SAC,FLUJO LIBRE SAC,exact,FLUJO LIBRE S.A.C.,20553326819,"[('FLUJO LIBRE S.A.C.', '20553326819'), ('FLUJO LIBRE S.A.C.', '20553326819'), ('FLUJO LIBRE S.A.C.', '20553326819')]"
FONTANA MOV. DE TIERRA SAC,FONTANA MOV DE TIERRA SAC,none,,,[]
FUMISTAR,FUMISTAR,none,,,[]
GAMONT INGENIEROS SAC,GAMONT INGENIEROS SAC,exact,GAMONT INGENIEROS SAC,20600420764,"[('GAMONT INGENIEROS SAC', '20600420764')]"
GEOCONTROL,GEOCONTROL,partial,GEOCONTROL INGENIEROS S.A.C.,20523078306,"[('GEOCONTROL INGENIEROS S.A.C.', '20523078306')]"
GEOFAL ING.,GEOFAL ING,none,,,[]
GEOFAL LABORATORIO,GEOFAL LABORATORIO,none,,,[]
GEOGLOBE,GEOGLOBE,partial,GEOGLOBE INGENIERIA Y CONSTRUCCION SAC,20604159181,"[('GEOGLOBE INGENIERIA Y CONSTRUCCION SAC', '20604159181')]"
GEOSER,GEOSER,partial,GEOSERV-GEOTECNICA Y SERVICIOS E.I.R.L.,20393270668,"[('GEOSER ESTUDIOS', '-'), ('GEOSERV-GEOTECNICA Y SERVICIOS E.I.R.L.', '20393270668')]"
GERED,GERED,partial,CONSTRUCTORA GERED SAC,20541769537,"[('CONSTRUCTORA GERED SAC', '20541769537'), ('CONSTRUCTORA GERED S.A.C.', '20541769537')]"
GOLDEN TOWER,GOLDEN TOWER,partial,GOLDEN TOWER CONSTRUCTION,20601780764,"[('GOLDEN TOWER CONSTRUCTION', '20601780764'), ('GOLDEN TOWER CONSTRUCTION', '20601780764')]"
GROUP TOTAL QUALITY CONTROL,GROUP TOTAL QUALITY CONTROL,none,,,[]
GRUPO CONSTRUCTOR EN CRECIMIENTO,GRUPO CONSTRUCTOR EN CRECIMIENTO,exact,GRUPO CONSTRUCTOR EN CRECIMIENTO,20608095137,"[('GRUPO CONSTRUCTOR EN CRECIMIENTO', '20608095137'), ('GRUPO CONSTRUCTOR EN CRECIMIENTO', '20608095137'), ('GRUPO CONSTRUCTOR EN CRECIMIENTO', '20608095137'), ('GRUPO CONSTRUCTOR EN CRECIMIENTO', '20608095137'), ('GRUPO CONSTRUCTOR EN CRECIMIENTO', '20608095137')]"
GRUPO INMOBILIARIO MAYER,GRUPO INMOBILIARIO MAYER,partial,GRUPO INMOBILIARIO MAYER S.A.C,20601322324,"[('GRUPO INMOBILIARIO MAYER S.A.C', '20601322324')]"
GRUPO VALENTINUS SAC,GRUPO VALENTINUS SAC,exact,GRUPO VALENTINUS SAC,20602443770,"[('GRUPO VALENTINUS SAC', '20602443770')]"
GRUPO VENTI,GRUPO VENTI,none,,,[]
HAUG,HAUG,exact,HAUG,20109925757,"[('HAUG', '20109925757'), ('HAUG', '20109925757'), ('HAUG', '20109925757'), ('HAUG', '20109925757')]"
HB CONSTRUCCION E INGENIERIA ASOCIADOS SAC,HB CONSTRUCCION E INGENIERIA ASOCIADOS SAC,exact,HB CONSTRUCCION E INGENIERIA ASOCIADOS SAC,20600319613,"[('HB CONSTRUCCION E INGENIERIA ASOCIADOS SAC', '20600319613')]"
HERCO CONSTRUCTORES SRL,HERCO CONSTRUCTORES SRL,exact,HERCO CONSTRUCTORES SRL,20539281454,"[('HERCO CONSTRUCTORES SRL', '20539281454')]"
HORMIX,HORMIX,partial,HORMIX S.A.C.,20546482511,"[('HORMIX S.A.C.', '20546482511'), ('HORMIX S.A.C.', '20546482511')]"
IFLUTECH S.A.C.,IFLUTECH SAC,exact,IFLUTECH S.A.C.,20508425091,"[('IFLUTECH S.A.C.', '20508425091')]"
INGENIERIA CONSTRUCCION Y SERVICIOS CHUQUI PERU SAC,INGENIERIA CONSTRUCCION Y SERVICIOS CHUQUI PERU SAC,none,,,[]
INGENIERIA PROYECTOS Y ELECTRICIDAD S.A.C. - INPROELEC S.A.C.,INGENIERIA PROYECTOS Y ELECTRICIDAD SAC INPROELEC SAC,partial,INGENIERIA PROYECTOS Y ELECTRICIDAD S.A.C. ,20602586571,"[('INGENIERIA PROYECTOS Y ELECTRICIDAD S.A.C. ', '20602586571')]"
INGENIERIA Y CONSTRUCCION MONTE GRANDE S.A.C.,INGENIERIA Y CONSTRUCCION MONTE GRANDE SAC,exact,INGENIERIA Y CONSTRUCCION MONTE GRANDE S.A.C.,20602939571,"[('INGENIERIA Y CONSTRUCCION MONTE GRANDE S.A.C.', '20602939571')]"
INTESEL,INTESEL,partial,W&L INTESEL PERU SAC,20518070577,"[('W&L INTESEL PERU SAC', '20518070577')]"
INVERSIONES RYSGRISCEL,INVERSIONES RYSGRISCEL,none,,,[]
INVERSIONES URMA S.A.C.,INVERSIONES URMA SAC,none,,,[]
IPC  SUCURSAL DEL PERU,IPC SUCURSAL DEL PERU,exact,IPC SUCURSAL DEL PERU,20606454229,"[('IPC SUCURSAL DEL PERU', '20606454229'), ('IPC SUCURSAL DEL PERU', '20606454229'), ('IPC SUCURSAL DEL PERU', '20606454229'), ('IPC SUCURSAL DEL PERU', '20606454229')]"
IPC BASE NAVAL CALLAO,IPC BASE NAVAL CALLAO,none,,,[]
IPC CALLAO,IPC CALLAO,none,,,[]
IPC NAVAL SAN BORJA,IPC NAVAL SAN BORJA,none,,,[]
IPC SAN BORJA,IPC SAN BORJA,none,,,[]
IPC SUCURSAL DEL PERU,IPC SUCURSAL DEL PERU,exact,IPC SUCURSAL DEL PERU,20606454229,"[('IPC SUCURSAL DEL PERU', '20606454229'), ('IPC SUCURSAL DEL PERU', '20606454229'), ('IPC SUCURSAL DEL PERU', '20606454229'), ('IPC SUCURSAL DEL PERU', '20606454229')]"
IPC-SAN BORJA,IPCSAN BORJA,none,,,[]
ISABEL RODRIGUEZ,ISABEL RODRIGUEZ,exact,Isabel Rodriguez,,"[('Isabel Rodriguez', '-')]"
ITAL GRES INDUSTRIAL SAC,ITAL GRES INDUSTRIAL SAC,exact,ITAL GRES INDUSTRIAL SAC,20255020278,"[('ITAL GRES INDUSTRIAL SAC', '20255020278')]"
JCB ESTRUCTURAS SAC,JCB ESTRUCTURAS SAC,exact,J.C.B ESTRUCTURAS SAC,20516259516,"[('J.C.B ESTRUCTURAS SAC', '20516259516'), ('JCB ESTRUCTURAS SAC', '20516259516'), ('JCB ESTRUCTURAS SAC', '20516259516')]"
JG3,JG3,partial,JG3 CONSTRUCCIONES S.A.C,20505212739,"[('JG3 CONSTRUCCIONES S.A.C', '20505212739'), ('JG3 CONSTRUCCIONES S.A.C', '20505212739'), ('JG3 CONSTRUCCIONES S.A.C', '20505212739'), ('JG3 CONSTRUCCIONES S.A.C', '20505212739'), ('JG3 CONSTRUCCIONES S.A.C', '20505212739')]"
JG3 CONSTRUCCIONES SAC,JG3 CONSTRUCCIONES SAC,exact,JG3 CONSTRUCCIONES S.A.C,20505212739,"[('JG3 CONSTRUCCIONES S.A.C', '20505212739'), ('JG3 CONSTRUCCIONES S.A.C', '20505212739'), ('JG3 CONSTRUCCIONES S.A.C', '20505212739'), ('JG3 CONSTRUCCIONES S.A.C', '20505212739'), ('JG3 CONSTRUCCIONES S.A.C', '20505212739')]"
JINSHI,JINSHI,none,,,[]
JONATHAN VEGA,JONATHAN VEGA,none,,,[]
JRC INGENIEROS Y CONSULTORES SAC,JRC INGENIEROS Y CONSULTORES SAC,exact,JRC INGENIEROS Y CONSULTORES SAC,20612648906,"[('JRC INGENIEROS Y CONSULTORES SAC', '20612648906')]"
JYH CONTEL SAC,JYH CONTEL SAC,exact,JYH CONTEL SAC,20522017214,"[('JYH CONTEL SAC', '20522017214')]"
Jose Carlos Mas Gusukuma,JOSE CARLOS MAS GUSUKUMA,exact,Jose Carlos Mas Gusukuma,,"[('Jose Carlos Mas Gusukuma', '-')]"
KEDA PERU,KEDA PERU,exact,KEDA PERU,20610384049,"[('KEDA PERU', '20610384049')]"
KIBE CONSTRUCCIONES,KIBE CONSTRUCCIONES,partial,KIBE CONSTRUCCIONES GENERALES SAC,20488071603,"[('KIBE CONSTRUCCIONES GENERALES SAC', '20488071603')]"
KING HOLDING SAC,KING HOLDING SAC,exact,KING HOLDING S.A.C.,20609129311,"[('KING HOLDING S.A.C.', '20609129311')]"
L.O.&G.C. CONTRATISTAS GENERALES EIRL,LOGC CONTRATISTAS GENERALES EIRL,exact,L.O.&G.C. CONTRATISTAS GENERALES EIRL,20607634913,"[('L.O.&G.C. CONTRATISTAS GENERALES EIRL', '20607634913'), ('L.O.&G.C. CONTRATISTAS GENERALES EIRL', '20607634913'), ('L.O.&G.C. CONTRATISTAS GENERALES EIRL', '20607634913'), ('L.O.&G.C. CONTRATISTAS GENERALES EIRL', '20607634913')]"
LAC ING. PROYECTOS Y CONSTRUCCIàN SAC,LAC ING PROYECTOS Y CONSTRUCCION SAC,none,,,[]
LAMAR,LAMAR,partial,SERVICIOS GENERALES LAMARC E.I.R.L.,20601455456,"[('SERVICIOS GENERALES LAMARC E.I.R.L.', '20601455456'), ('CONSORCIO LAMAR S.A.C.', '20554579567'), ('CONSORCIO LAMAR S.A.C.', '20554579567'), ('CONSORCIO LAMAR S.A.C.', '20554579567')]"
LUIS PROA¥O TATAJE,LUIS PROANO TATAJE,none,,,[]
MADACAM,MADACAM,none,,,[]
MAGNUM FIRE SAC,MAGNUM FIRE SAC,exact,MAGNUM FIRE SAC,20556868582,"[('MAGNUM FIRE SAC', '20556868582')]"
MARVIN ESPIRITU,MARVIN ESPIRITU,none,,,[]
MAS ERRAZURIZ DEL PERU,MAS ERRAZURIZ DEL PERU,partial,MAS ERRAZURIZ DEL PERU S.A.C.,20418826119,"[('MAS ERRAZURIZ DEL PERU S.A.C.', '20418826119ÿ'), ('MAS ERRAZURIZ DEL PERU S.A.C.', '20418826119ÿ')]"
MAVERICK,MAVERICK,partial,MAVERICK CHAMPI ROMERO,,"[('MAVERICK CHAMPI ROMERO', '-')]"
MECHANICAL AND PIPING SOLUTIONS SACYP,MECHANICAL AND PIPING SOLUTIONS SACYP,partial,MECHANICAL AND PIPING SOLUTIONS SAC,20601323525,"[('MECHANICAL AND PIPING SOLUTIONS SAC', '20601323525'), ('MECHANICAL AND PIPING SOLUTIONS SAC', '20601323525')]"
MECHANICAL AND PIPING SOLUTIONS SACYP - JONATAN,MECHANICAL AND PIPING SOLUTIONS SACYP JONATAN,partial,MECHANICAL AND PIPING SOLUTIONS SAC,20601323525,"[('MECHANICAL AND PIPING SOLUTIONS SAC', '20601323525'), ('MECHANICAL AND PIPING SOLUTIONS SAC', '20601323525')]"
MECHANICAL AND PIPING SOLUTIONS SACYP - ZINIA,MECHANICAL AND PIPING SOLUTIONS SACYP ZINIA,partial,MECHANICAL AND PIPING SOLUTIONS SAC,20601323525,"[('MECHANICAL AND PIPING SOLUTIONS SAC', '20601323525'), ('MECHANICAL AND PIPING SOLUTIONS SAC', '20601323525')]"
MERIDIANA,MERIDIANA,partial,MERIDIANA SAC,20611890193,"[('MERIDIANA SAC', '20611890193'), ('MERIDIANA SAC', '20611890193')]"
MINERA PECHE,MINERA PECHE,none,,,[]
MINERA TITAN DEL PERU SRL,MINERA TITAN DEL PERU SRL,exact,MINERA TITAN DEL PERU SRL,20460352674,"[('MINERA TITAN DEL PERU SRL', '20460352674')]"
MISIàN CRISTIANA PAZ Y AMOR,MISION CRISTIANA PAZ Y AMOR,exact,MISION CRISTIANA PAZ Y AMOR,20472475437,"[('MISION CRISTIANA PAZ Y AMOR', '20472475437')]"
MONTAJES E INGENIERIA ARCE PERU S.A.C.,MONTAJES E INGENIERIA ARCE PERU SAC,exact,MONTAJES E INGENIERIA ARCE PERU S.A.C.,20550259321,"[('MONTAJES E INGENIERIA ARCE PERU S.A.C.', '20550259321')]"
MOTA ENGIL,MOTA ENGIL,none,,,[]
MULTIFIBRAS,MULTIFIBRAS,partial,MULTIFIBRAS DEL PERU SAC,20600974905,"[('MULTIFIBRAS DEL PERU SAC', '20600974905'), ('Multifibras del Per£ SAC', '20600974905'), ('Multifibras del Per£ SAC', '20600974905'), ('Multifibras del Per£ SAC', '20600974905')]"
MULTIFIBRAS DEL PERU SAC,MULTIFIBRAS DEL PERU SAC,exact,MULTIFIBRAS DEL PERU SAC,20600974905,"[('MULTIFIBRAS DEL PERU SAC', '20600974905')]"
N. NU¥EZ CORPORATION,N NUNEZ CORPORATION,partial,N. NU¥EZ CORPORATION SAC,20608003631,"[('N. NU¥EZ CORPORATION SAC', '20608003631'), ('N. NU¥EZ CORPORATION S.A.C.', '20608003631')]"
N. NU¥EZ CORPORATION EN CAMINO,N NUNEZ CORPORATION EN CAMINO,none,,,[]
NS ANDINA,NS ANDINA,partial,NS ANDINA SAC,20613516124,"[('NS ANDINA SAC', '20613516124')]"
OCJ MOLTALVOS SAC,OCJ MOLTALVOS SAC,none,,,[]
ORBE ARQUITECTOS SAC,ORBE ARQUITECTOS SAC,exact,ORBE ARQUITECTOS S.A.C.,20610421009,"[('ORBE ARQUITECTOS S.A.C.', '20610421009')]"
OVERALL,OVERALL,partial,OVERALL STRATEGY S.A.C.,20503630827,"[('OVERALL STRATEGY S.A.C.', '20503630827')]"
PERU HEALTH,PERU HEALTH,partial,CONSORCIO PERU HEALTH,20607121878,"[('CONSORCIO PERU HEALTH', '20607121878')]"
PRACMA,PRACMA,partial,PRACMA S.A.C.,20565241347,"[('PRACMA S.A.C.', '20565241347')]"
PREFABRICADOS CALYTEC,PREFABRICADOS CALYTEC,partial,PREFABRICADOS CALYTEC S.A.C.,20608386760,"[('PREFABRICADOS CALYTEC S.A.C.', '20608386760')]"
PROY INTER SCRL,PROY INTER SCRL,exact,PROY INTER SCRL,20489507103,"[('PROY INTER SCRL', '20489507103')]"
PROYECTEK,PROYECTEK,exact,PROYECTEK,20607105155,"[('PROYECTEK', '20607105155'), ('PROYECTEK', '20607105155'), ('PROYECTEK', '20607105155')]"
Q ENERGY PERU SAC,Q ENERGY PERU SAC,exact,Q ENERGY PERU SAC,20492221571,"[('Q ENERGY PERU SAC', '20492221571')]"
RAFAEL MARQUINA MENDOZA,RAFAEL MARQUINA MENDOZA,none,,,[]
RAHEM S.A.C.,RAHEM SAC,exact,RAHEM S.A.C.,20517092763,"[('RAHEM S.A.C.', '20517092763')]"
RAUM,RAUM,none,,,[]
RENZO CORDOVA,RENZO CORDOVA,none,,,[]
RIOSA CONSTRUCTORA SAC,RIOSA CONSTRUCTORA SAC,exact,RIOSA CONSTRUCTORA SAC,20265615407,"[('RIOSA CONSTRUCTORA SAC', '20265615407')]"
RUTAS DE LIMA,RUTAS DE LIMA,partial,RUTAS DE LIMA SAC,20550372640,"[('RUTAS DE LIMA SAC', '20550372640'), ('RUTAS DE LIMA SAC', '20550372640')]"
SANCHEZ RICO INGENIERIA Y CONSTRUCCION SAC,SANCHEZ RICO INGENIERIA Y CONSTRUCCION SAC,exact,SANCHEZ RICO INGENIERIA Y CONSTRUCCION SAC,20477233458,"[('SANCHEZ RICO INGENIERIA Y CONSTRUCCION SAC', '20477233458')]"
SANITARIAS PERU,SANITARIAS PERU,partial,SANITARIAS PERé S.A.C.,20604286451,"[('SANITARIAS PERé S.A.C.', '20604286451')]"
SETECOM,SETECOM,partial,SETECOM AIR S.A.,20456754831,"[('SETECOM AIR S.A.', '20456754831')]"
SGCMM GROUP MEGAMINTAJE,SGCMM GROUP MEGAMINTAJE,none,,,[]
SOIL ROCK,SOIL ROCK,partial,SOIL ROCK SAC,20605118764,"[('SOIL ROCK SAC', '20605118764'), ('SOIL ROCK SAC', '20605118764'), ('SOIL ROCK S.A.C.', '20605118764')]"
TACTICAL,TACTICAL,partial,TACTICAL IT S.A.C.,20545316561,"[('TACTICAL IT S.A.C.', '20545316561'), ('TACTICAL IT S.A.C.', '20545316561'), ('TACTICAL IT S.A.C.', '20545316561'), ('TACTICAL IT S.A.C.', '20545316561'), ('TACTICAL IT S.A.C.', '20545316561')]"
TACTICAL IT,TACTICAL IT,partial,TACTICAL IT S.A.C.,20545316561,"[('TACTICAL IT S.A.C.', '20545316561'), ('TACTICAL IT S.A.C.', '20545316561'), ('TACTICAL IT S.A.C.', '20545316561'), ('TACTICAL IT S.A.C.', '20545316561'), ('TACTICAL IT S.A.C.', '20545316561')]"
TECNOMIN,TECNOMIN,partial,TECNOMIN DATA S.A.C.,20221259581,"[('TECNOMIN DATA S.A.C.', '20221259581'), ('TECNOMIN DATA S.A.C.', '20221259581')]"
TELECOM JD PERU SAC,TELECOM JD PERU SAC,exact,TELECOM JD PERU S.A.C.,20600484037,"[('TELECOM JD PERU S.A.C.', '20600484037')]"
UNITELEC,UNITELEC,partial,UNITELEC SAC,20537471248,"[('UNITELEC SAC', '20537471248'), ('UNITELEC SAC', '20537471248'), ('UNITELEC S.A.C.', '20537471248'), ('UNITELEC S.A.C.', '20537471248')]"
UNIVERSIDAD DE LIMA,UNIVERSIDAD DE LIMA,exact,Universidad de Lima,20107798049,"[('Universidad de Lima', '20107798049')]"
VALLES DEL PERU,VALLES DEL PERU,partial,CONSTRUCTORA VALLES DEL PERé S.A.,20543329984,"[('CONSTRUCTORA VALLES DEL PERé S.A.', '20543329984'), ('CONSTRUCTORA VALLES DEL PERé S.A.', '20543329984')]"
VIGUETAS PRETENSADAS,VIGUETAS PRETENSADAS,partial,VIGUETAS PRETENSADAS SAC,20514080985,"[('VIGUETAS PRETENSADAS SAC', '20514080985')]"
VM RENT CONSTRUCTION SAC,VM RENT CONSTRUCTION SAC,exact,VM RENT CONSTRUCTION S.A.C,20603598432,"[('VM RENT CONSTRUCTION S.A.C', '20603598432')]"
W&L INTESEL PERU,WL INTESEL PERU,partial,W&L INTESEL PERU SAC,20518070577,"[('W&L INTESEL PERU SAC', '20518070577')]"
WR S.A.,WR SA,exact,WR S.A.,20100048702,"[('WR S.A.', '20100048702')]"
YANGZHOU RONGFEI CONSTRUCTION ENGINEERING CO SUCURSAL DEL PERé,YANGZHOU RONGFEI CONSTRUCTION ENGINEERING CO SUCURSAL DEL PERU,exact,YANGZHOU RONGFEI CONSTRUCTION ENGINEERING CO SUCURSAL DEL PERé ,20611390000,"[('YANGZHOU RONGFEI CONSTRUCTION ENGINEERING CO SUCURSAL DEL PERé ', '20611390000'), ('YANGZHOU RONGFEI CONSTRUCTION ENGINEERING CO. SUCURSAL DEL PERé', '20611390000'), ('YANGZHOU RONGFEI CONSTRUCTION ENGINEERING CO SUCURSAL DEL PERé', '20611390000'), ('YANGZHOU RONGFEI CONSTRUCTION ENGINEERING CO. SUCURSAL DEL PERé', '20611390000'), ('YANGZHOU RONGFEI CONSTRUCTION ENGINEERING CO. SUCURSAL DEL PERé', '20611390000')]"
YANGZHOU RONGFEI CONSTRUCTION ENGINEERING CO. SUCURSAL DEL PERé,YANGZHOU RONGFEI CONSTRUCTION ENGINEERING CO SUCURSAL DEL PERU,exact,YANGZHOU RONGFEI CONSTRUCTION ENGINEERING CO SUCURSAL DEL PERé ,20611390000,"[('YANGZHOU RONGFEI CONSTRUCTION ENGINEERING CO SUCURSAL DEL PERé ', '20611390000'), ('YANGZHOU RONGFEI CONSTRUCTION ENGINEERING CO. SUCURSAL DEL PERé', '20611390000'), ('YANGZHOU RONGFEI CONSTRUCTION ENGINEERING CO SUCURSAL DEL PERé', '20611390000'), ('YANGZHOU RONGFEI CONSTRUCTION ENGINEERING CO. SUCURSAL DEL PERé', '20611390000'), ('YANGZHOU RONGFEI CONSTRUCTION ENGINEERING CO. SUCURSAL DEL PERé', '20611390000')]"
ZANE CONSTRUCCIàN,ZANE CONSTRUCCION,partial,ZANE CONSTRUCCION SAC,20608496859,"[('ZANE CONSTRUCCION SAC', '20608496859'), ('ZANE CONSTRUCCION SAC', '20608496859'), ('ZANE CONSTRUCCION SAC', '20608496859'), ('ZANE CONSTRUCCION SAC', '-'), ('ZANE CONSTRUCCION SAC', '-')]"
ZULERS PERU SAC,ZULERS PERU SAC,exact,ZULERS PERU S.A.C.,20601840619,"[('ZULERS PERU S.A.C.', '20601840619'), ('ZULERS PERU S.A.C.', '20601840619'), ('ZULERS PERU SAC', '20601840619')]"
